1,41.95,45
3,5.76,6
12,21.32,25
16,86.05,90
27,48.2,50
66,31.55,35
101,11.18,15
168,65.05,70
175,9.54,10
241,5.04,6
267,7.2,8
268,10.58,11
288,4.39,5
291,45.1,50
338,1.11,2
386,4.32,5
388,298.6,300
669,76.6,80
670,2.75,3
688,16.45,20
700,319.8,350
788,0.8,1
836,15.04,20
857,5.94,6
868,10.5,11
881,22.45,25
914,21.05,25
916,6.83,7
939,4.7,5
960,14.25,15
968,6.12,7
992,8.86,9
1024,66.25,70
1038,37.8,40
1044,25.65,30
1055,3.97,4
1061,3.02,4
1066,6.9,7
1088,25.3,30
1093,5.95,6
1099,22.68,25
1109,32.15,35
1113,42,45
1171,15.2,20
1177,2.92,3
1288,3.05,4
1299,70.45,80
1336,20.24,25
1347,20.55,25
1368,7.46,8
1378,7.59,8
1385,17.1,20
1398,3.97,4
1658,4.02,5
1801,44.55,45
1810,12.68,15
1876,16.16,20
1880,103,150
1898,6.2,7
1919,8.14,9
1928,24.04,25
1929,11.8,15
1997,31.4,35
2007,0.93,1
2015,141.4,150
2020,91.5,100
2196,18.85,20
2202,8.72,9
2238,3.89,4
2269,49.9,50
2313,77.65,80
2318,45.2,50
2319,27.15,30
2328,10.24,11
2331,35.5,40
2333,9.88,10
2359,101.25,150
2382,61.95,70
2388,22.5,25
2518,59.8,60
2600,4.35,5
2601,20.6,25
2618,10.2,11
2628,12.9,15
2688,65.9,70
2800,18.94,20
2822,12.56,15
2823,13.43,15
2828,63.7,70
2883,9.49,10
2899,12.28,15
3010,50.4,60
3033,4.02,5
3067,8.47,9
3188,41.98,45
3690,119.6,150
3692,11.14,15
3800,1.49,2
3888,29.55,30
3898,27.8,30
3908,14.56,15
3968,33.9,35
3988,2.88,3
6030,15.92,20
6098,8.08,9
6185,26.35,30
6618,40.8,45
6690,24.7,25
6862,22,25
6865,18.04,20
6881,4.25,5
6969,7.14,8
9618,120,150
9626,119,150
9633,45.9,50
9696,46.75,50
9866,74.9,80
9868,72.8,80
9888,134.9,150
9988,86.3,90
9992,24.95,25
9995,43.95,45
9999,172,200
82800,17.7,20
82822,11.82,15
82823,12.26,15
82828,59.42,60
83010,46.48,50
83188,38.58,40
1COV@DE,44.32,45
A,113.81,150
AA,29.5,30
AAL,13.98,15
AAN,10.54,11
AAON,59.45,60
AAP,56.17,60
AAPL,182.33,200
AAXJ,64.86,70
ABBV,150.37,200
ABCB,39.71,40
ABCL,4.65,5
ABG,231.52,250
ABM,43.93,45
ABNB,140.73,150
ABR,15.2,20
ABT,98.48,100
ACAD,23.71,25
ACGL,84.45,90
ACI,23.11,25
ACIW,22.6,25
ACLS,170.99,200
ACM,84.12,90
ACMR,20.86,25
ACN,315.38,350
ACWI,94.12,100
ACWX,47.66,50
ADAP,0.8,1
ADBE,574.28,600
ADI,177.53,200
ADM,75.67,80
ADP,251.21,300
ADPT,5.65,6
ADS@DE,199,200
ADSK,215,250
ADUS,85.65,90
AEE,77.58,80
AEIS,105.62,150
AEM,47.78,50
AEO,17.45,20
AEP,75.59,80
AER,62.91,70
AES,15.18,20
AFG,113.4,150
AFKS,18,20
AFL,80.49,90
AFMD,0.51,1
AFRM,22.24,25
AFX@DE,128,150
AG,5.33,6
AGCO,125.5,150
AGG,94.04,100
AGIO,24.88,25
AGNC,9.51,10
AGO,61.54,70
AI,27.49,30
AIG,61.77,70
AIN,87.41,90
AIR,61.74,70
AIRC,31.43,35
AIT,163.08,200
AIV,6.88,7
AIZ,147.29,150
AJG,236.11,250
AKAM,109.11,150
ALB,177.27,200
ALC,77.22,80
ALE,54.3,60
ALEC,6.69,7
ALG,178.7,200
ALGM,32.2,35
ALGN,307.69,350
ALGT,78.98,80
ALIT,7.11,8
ALK,37.44,40
ALL,115.63,150
ALLE,106.56,150
ALLK,2.56,3
ALLO,3.3,4
ALLY,26.79,30
ALNY,184,200
ALRM,61.43,70
ALRS,71.74,80
ALSN,60.43,70
ALT,2.96,3
ALTR,68.02,70
ALV,97.71,100
ALV@DE,190.73,200
ALXO,11.62,15
AM,12.38,15
AMAT,148.39,150
AMBA,55.93,60
AMCR,9.12,10
AMCX,12.58,15
AMD,111.29,150
AME,152.81,200
AMED,94.1,100
AMEH,33.62,35
AMG,131.88,150
AMGN,287.73,300
AMH,35.2,40
AMKR,24,25
AMN,87.73,90
AMP,331.24,350
AMPH,48.57,50
AMR,257.01,300
AMSF,51.83,60
AMT,166.52,200
AMTI,0.19,1
AMWD,79.58,80
AMZN,134.47,150
AN,152.59,200
ANAB,24.15,25
ANDE,52.19,60
ANET,198.45,200
ANF,62.98,70
ANGI,1.98,2
ANGL,27.06,30
ANIK,19.07,20
ANIP,60.22,70
ANSS,306.34,350
AON,328.71,350
AORT,15.71,20
AOS,71.34,80
AOSL,30.26,35
AOUT,10.07,11
APA,41.38,45
APAM,37.59,40
APD,292.51,300
APEI,5.08,6
APH,85.07,90
APLE,15.66,20
APLS,50.39,60
APLT,2.59,3
APO,91.06,100
APP,42.19,45
APPF,198.01,200
APPN,45.68,50
APPS,6.16,7
APTV,99.23,100
ARCC,19.52,20
ARCH,161.46,200
ARCT,26.36,30
ARE,102.38,150
ARI,10.5,11
ARKF,27.7,30
ARMK,34.8,35
ARQT,5.48,6
ARRY,22.52,25
ARVL,1.21,2
ARVN,20.05,25
ARW,126.03,150
ARWR,27,30
ASAN,18.53,20
ASGN,84.84,90
ASH,81.67,90
ASHR,25.99,30
ASIX,31.02,35
ASO,47.79,50
ASTR,1.93,2
ASTS,3.81,4
ATEN,15.45,20
ATEX,32.19,35
ATGE,46.66,50
ATI,41.37,45
ATKR,150.5,200
ATNI,33.8,35
ATO,112.55,150
ATRA,1.82,2
ATRC,43.52,45
ATRI,432,450
ATRO,16.7,20
ATUS,3.3,4
ATVI,95,100
AUPH,7.83,8
AVA,32.74,35
AVAV,112.53,150
AVB,177.56,200
AVGO,917.71,1000
AVIR,3.22,4
AVNS,20.45,25
AVNT,35.31,40
AVT,49.59,50
AVTR,22.28,25
AVXL,6.63,7
AVY,187.02,200
AWH,6.04,7
AWI,73.5,80
AWK,123.49,150
AWR,80.68,90
AX,38.36,40
AXGN,5,6
AXNX,59.79,60
AXON,221.21,250
AXP,152.69,200
AXSM,71.28,80
AXTA,28.06,30
AYI,183.66,200
AYX,38.3,40
AZEK,29.87,30
AZN,69.01,70
AZO,2600.12,3000
AZPN,205.66,250
AZTA,51.81,60
BA,199.56,200
BABA,88.79,90
BAC,27.67,30
BAH,127.87,150
BALL,50.86,60
BAND,11.63,15
BAS@DE,55.41,60
BAST,1,2
BAX,37.62,40
BAYN@DE,47.03,50
BBIO,27.2,30
BBSI,95.3,100
BBY,72.14,80
BC,79.55,80
BCC,103.28,150
BCE,38.46,40
BCO,75.01,80
BCPC,127.1,150
BCRX,7.05,8
BDC,97.2,100
BDTX,2.96,3
BDX,269.43,300
BE,13.52,15
BEAM,24.14,25
BECN,78.57,80
BEN,24.75,25
BERY,61.97,70
BF B,58.18,60
BFAM,84.24,90
BFH,34.31,35
BG,108.25,150
BGNE,187.09,200
BGS,9.89,10
BH,167.3,200
BHF,49.05,50
BIDU,136.25,150
BIG,5.19,6
BIGC,10.23,11
BIIB,268.44,300
BIL,91.68,100
BILI,15.29,20
BILL,118.66,150
BIO,366.04,400
BJ,71.4,80
BJRI,23.64,25
BK,42.82,45
BKNG,3114.51,3500
BKR,35.58,40
BKU,22.67,25
BL,55.98,60
BLD,256.33,300
BLDP,3.89,4
BLDR,126.53,150
BLK,652.91,700
BLKB,70.87,80
BLMN,24.69,25
BLNK,3.49,4
BLUE,3.16,4
BLZE,5.62,6
BMBL,15.09,20
BMI,144.99,150
BMO,84.26,90
BMRN,89,90
BMW@DE,80.55,90
BMY,58.54,60
BNGO,3.07,4
BNTX,113.1,150
BOH,51.07,60
BOIL,73.17,80
BOKF,80.25,90
BOOT,82.82,90
BOSS@DE,50.78,60
BOTZ,25.05,30
BOX,25.86,30
BPMC,51.93,60
BR,182.74,200
BRBR,43,45
BRC,56.16,60
BRK B,350.73,400
BRKR,64.53,70
BRO,71.91,80
BROS,25.66,30
BRX,21.83,25
BSX,53.97,60
BSY,54,60
BTAI,3.7,4
BTI,31.71,35
BUD,55.58,60
BURL,135.61,150
BVB@DE,3.65,4
BWA,40.74,45
BWXT,78.08,80
BX,108.07,150
BXMT,21.9,25
BXP,59.72,60
BYND,9.72,10
BYSI,1.23,2
BZUN,3.23,4
C,42,45
CABO,654.8,700
CACC,463.26,500
CACI,338.93,350
CAG,27.94,30
CAH,92.35,100
CALM,48.99,50
CAR,185,200
CARA,1.74,2
CARG,17.9,20
CARR,56.19,60
CARS,17.25,20
CASY,278.75,300
CAT,276.52,300
CB,211.46,250
CBRE,74.31,80
CBRL,68.57,70
CBSH,48.81,50
CBT,70.29,80
CBU,43.15,45
CC,28.08,30
CCI,94.73,100
CCK,88.54,90
CCL,14.17,15
CCOI,66.12,70
CCS,67.17,70
CCSI,25.42,30
CDAY,75.45,80
CDLX,16.85,20
CDNA,7.04,8
CDNS,255.73,300
CDW,215.49,250
CE,125.77,150
CEG,116.16,150
CELH,176.35,200
CENT,44.2,45
CENTA,40.46,45
CERE,24.73,25
CEVA,19.6,20
CF,87.72,90
CFG,27.23,30
CFLT,32.46,35
CFR,93,100
CG,30.91,35
CGEN,0.99,1
CGNT,5.14,6
CGNX,42.77,45
CHAU,16.25,20
CHD,92.09,100
CHDN,116.4,150
CHE,520.66,600
CHEF,21.38,25
CHGG,9.05,10
CHH,125.29,150
CHKP,137.34,150
CHMF,1310,1500
CHPT,5.18,6
CHRS,4.05,5
CHRW,87.04,90
CHTR,451.83,500
CHWY,19.1,20
CHX,35.62,40
CI,297.73,300
CIAN@US,8.49,9
CIBR,50.17,60
CIEN,48.04,50
CINF,103.2,150
CL,71.23,80
CLB,23.88,25
CLBK,16.26,20
CLDT,10,11
CLF,15.92,20
CLH,167.76,200
CLOV,1.15,2
CLSK,4.33,5
CLVT,6.96,7
CLX,133.48,150
CM,38.59,40
CMA,42.29,45
CMC,49.61,50
CMCO,36.04,40
CMCSA,44.92,45
CME,221.09,250
CMG,1871.9,2000
CMI,231.26,250
CMP,27.76,30
CMS,54.39,60
CNC,72.16,80
CNHI,12.3,15
CNK,19.84,20
CNMD,101.8,150
CNNE,19.12,20
CNO,24.24,25
CNP,27.76,30
CNQ,66.92,70
CNS,62.69,70
CNX,23.09,25
CNXC,83.36,90
CNXN,55.86,60
CNYA,28.21,30
COF,98.5,100
COFS,20.31,25
COHU,36.47,40
COIN,84.2,90
COKE,664,700
COLB,20.38,25
COLD,30.38,35
COLM,74.4,80
CON@DE,66.67,70
COO,316.97,350
COOP,55.68,60
COP,125.98,150
COPX,36.38,40
COR,189.99,200
CORR,0.83,1
CORT,27.75,30
COST,575.9,600
COTY,11.59,15
COUR,19.66,20
CP,74.5,80
CPB,41.2,45
CPNG,17.84,20
CPRI,52.7,60
CPRT,46.57,50
CPS,14.22,15
CPT,98.27,100
CQQQ,38.06,40
CR,92.11,100
CRI,69.26,70
CRL,199.12,200
CRM,209.14,250
CRMT,93.18,100
CRNC,20.41,25
CROX,89.92,90
CRS,72.6,80
CRSP,45.72,50
CRSR,14.65,15
CRUS,74.42,80
CRVL,206.89,250
CRWD,190.2,200
CSCO,54.5,60
CSGP,82.83,90
CSGS,53.3,60
CSL,268.89,300
CSWI,182.66,200
CSX,32.28,35
CTAS,527.73,600
CTLT,47.78,50
CTRA,29.32,30
CTSH,68.57,70
CTVA,51.17,60
CUBE,38.73,40
CUZ,20.41,25
CVCO,275.79,300
CVGW,26.52,30
CVLT,69.75,70
CVM,1.31,2
CVNA,42.4,45
CVS,74.38,80
CVX,169.45,200
CWB,67.8,70
CWEN,22.46,25
CWH,20.58,25
CWST,78.67,80
CWT,49.08,50
CXT,55.8,60
CXW,11.62,15
CYBR,169.32,200
CYRX,13.67,15
CYTK,35.95,40
CZR,47.73,50
D,44.75,45
DAL,37.36,40
DAN,14.66,15
DAR,52.32,60
DASH,83.79,90
DAVA,61.46,70
DAWN,12.43,15
DB1@DE,142.74,150
DBK@DE,10.69,11
DBX,28.32,30
DCI,61.65,70
DCPH,13.16,15
DD,76.87,80
DDD,5,6
DDOG,94.79,100
DDS,331.07,350
DE,392.52,400
DECK,522.58,600
DEI,12.83,15
DELL,70.94,80
DFS,92.85,100
DG,112.36,150
DGX,125.22,150
DHER@DE,48,50
DHI,109.3,150
DHL@DE,42.15,45
DHR,246.01,250
DIA,339.81,350
DINO,57.2,60
DIOD,81.15,90
DIS,85.7,90
DISH,5.96,6
DK,28.36,30
DKNG,31.09,35
DKS,108.86,150
DLB,82.32,90
DLO,19.97,20
DLR,125.53,150
DLTH,5.99,6
DLTR,109.84,150
DLX,19.1,20
DM,1.45,2
DMTK,1.56,2
DNA,1.88,2
DNB,9.99,10
DNLI,21.93,25
DNMR,2.07,3
DNOW,12.05,15
DOCN,25.06,30
DOCS,22.69,25
DOCU,43.08,45
DORM,78.41,80
DOV,143.23,150
DOW,52.05,60
DPZ,383.1,400
DRI,143.55,150
DRIV,23.61,25
DRQ,28.1,30
DSKY,133,150
DT,49.89,50
DTE@DE,14.7,15
DUK,90.12,100
DUOL,179.58,200
DUST,16.16,20
DV,29.04,30
DVA,95.28,100
DVN,48.51,50
DVY,108,150
DXC,22.63,25
DXCM,96.15,100
DXJ,88.66,90
DY,89.29,90
EA,132.87,150
EAF,3.83,4
EAR,2.29,3
EAT,31.93,35
EBAY,44.44,45
EBS,3.43,4
ECL,170.94,200
ECPG,50.6,60
ED,89.04,90
EDIT,7.9,8
EEFT,79.67,80
EEM,38.74,40
EFV,49.39,50
EFX,188.35,200
EG,397.03,400
EGHT,2.62,3
EGP,172.9,200
EGRX,15.75,20
EHTH,8.44,9
EIDO,22.31,25
EIX,65.42,70
EL,147.04,150
ELAN,11.22,15
ELS,65.59,70
ELV,458.45,500
EMB,82.17,90
EMBC,15.68,20
EME,210.57,250
EMN,77.31,80
EMR,97.45,100
ENB,33.31,35
ENOV,52.65,60
ENPH,131.83,150
ENR,32.03,35
ENS,96.65,100
ENSG,97.42,100
ENTA,11.15,15
ENTG,99.72,100
ENV,44,45
ENVX,12.62,15
EOAN@DE,11.75,15
EOG,129.61,150
EPAM,260,300
EPC,36.99,40
EPI,37.24,40
EPP,40.45,45
EQH,28.38,30
EQIX,756.08,800
EQR,60.93,70
EQT,44.62,45
ERIE,308.26,350
ES,59.23,60
ESAB,71.72,80
ESE,108.08,150
ESGD,70.09,80
ESGE,30.81,35
ESGR,243.33,250
ESGU,95.98,100
ESGV,77.12,80
ESPR,1.08,2
ESS,223.22,250
ESTC,83.27,90
ET,11.87,15
ETD,30.47,35
ETLN@GS,0.95,1
ETN,220.33,250
ETR,95.13,100
ETRN,9.89,10
ETSY,65.5,70
EUFN,19.33,20
EVBG,23.1,25
EVER,8.36,9
EVH,28.5,30
EVK@DE,25.24,30
EVR,137.77,150
EVRG,51.35,60
EVT@DE,24,25
EW,74.36,80
EWA,21.82,25
EWBC,52.72,60
EWC,33.81,35
EWI,30.94,35
EWM,20.93,25
EWP,27.77,30
EWQ,35.91,40
EWS,18.46,20
EWU,32.36,35
EWW,58.15,60
EWZ,30.9,35
EXAS,68.54,70
EXC,40.17,45
EXEL,22.34,25
EXLS,30.06,35
EXP,172.04,200
EXPD,118.36,150
EXPE,104.05,150
EXPI,16.22,20
EXPO,90.78,100
EXR,122.93,150
EYE,16.26,20
EZA,39.35,40
EZU,42.83,45
F,12.55,15
FAF,55.86,60
FANG,163.11,200
FARO,15.23,20
FAS,60.25,70
FAST,60.68,70
FATE,2.16,3
FAZ,21.83,25
FBIN,62.65,70
FCEL,1.47,2
FCFS,102.31,150
FCN,193.12,200
FCX,37.82,40
FDS,458.3,500
FDX,267.54,300
FE,35.49,40
FEES,0.195,1
FELE,91.25,100
FEZ,42.78,45
FFIN,25.26,30
FFIV,162.07,200
FG,31.41,35
FGEN,0.89,1
FHI,34.87,35
FI,115.4,150
FICO,906.32,1000
FIGS,6.39,7
FIPO,7.52,8
FIS,55.35,60
FITB,25.45,30
FIVE,170.42,200
FIVE@GS,23.95,25
FIVN,65.89,70
FIXP@GS,4.07,5
FIZZ,47.81,50
FL,21.33,25
FLGT,27.27,30
FLO,22.24,25
FLR,37.89,40
FLS,40.18,45
FLT,264.4,300
FLWS,7.14,8
FLYW,31.91,35
FMC,67.34,70
FME@DE,55.27,60
FND,91.74,100
FNF,41.44,45
FNKO,8,9
FNV,137.31,150
FOLD,12.68,15
FORM,35.81,40
FORR,29.85,30
FOUR,55.33,60
FOX,29.23,30
FOXA,31.65,35
FOXF,99.53,100
FR,47.65,50
FRE@DE,29.5,30
FRHC,87.86,90
FRME,28.46,30
FROG,25.75,30
FRPH,56.15,60
FRPT,66.36,70
FRT,91.26,100
FSLR,162.88,200
FSLY,19.49,20
FSR,6.88,7
FTCH,2.17,3
FTCI,1.5,2
FTDR,31.62,35
FTI,21.03,25
FTNT,64.77,70
FTRE,29.48,30
FTV,77.58,80
FUL,71.93,80
FULC,4.43,5
FVRR,26.28,30
FWRD,73.87,80
FXI,27.4,30
G,37.15,40
GAZP,170,200
GBCI,31.47,35
GBX,41.06,45
GCHE,3139.5,3500
GCO,31.16,35
GD,241.26,250
GDDY,76.54,80
GDEV,3.32,4
GDOT,14.01,15
GDRX,5.63,6
GDX,28.53,30
GE,113.85,150
GEF,68.02,70
GEHC,68.98,70
GEN,18.15,20
GES,22.27,25
GEVO,1.22,2
GGG,75.96,80
GH,30.06,35
GHC,602.4,700
GILD,77.12,80
GIS,64.63,70
GKOS,75.05,80
GL,114.04,150
GLBE,40.75,45
GLD,175.24,200
GLOB,204.23,250
GLPI,47.3,50
GLTR@GS,6.88,7
GLW,30.62,35
GM,33.14,35
GMED,54.78,60
GMKN,15358,20000
GMS,64.29,70
GNL,9.82,10
GNRC,109.55,150
GNTX,32.65,35
GO,28.98,30
GOGL,8.1,9
GOLD,15.32,20
GOOG,142.69,150
GOOGL,141.69,150
GOSS,0.83,1
GPC,148.57,150
GPI,269.09,300
GPK,22.27,25
GPN,117.11,150
GPRO,3.14,4
GPS,11.58,15
GRBK,42.6,45
GRMN,109.57,150
GROWS,358.56,400
GRPH,2.59,3
GS,325.13,350
GSHD,74.85,80
GSLC,86.06,90
GT,12.67,15
GTHX,1.48,2
GTLB,48.86,50
GTLS,170.56,200
GTN,6.95,7
GTX,7.87,8
GVA,39.2,40
GWRE,92.83,100
GWW,744.5,800
GXC,73.19,80
H,112.79,150
HA,6.36,7
HAE,93.45,100
HAIN,10.73,11
HAL,42.3,45
HALO,38.29,40
HAS,66.62,70
HASI,21.96,25
HBAN,10.46,11
HBI,4.08,5
HCA,254.24,300
HCAT,10.19,11
HCC,52.23,60
HCCI,45.4,50
HCSG,10.53,11
HD,303.91,350
HDV,98.85,100
HE,12.69,15
HEAR,9.35,10
HEI,169.17,200
HEI@DE,55.35,60
HEN3@DE,67.73,70
HES,158.23,200
HGV,40.85,45
HHH,74.1,80
HHR,25.48,30
HI,43.25,45
HIBB,49.37,50
HIG,71.48,80
HII,223,250
HIMS,6.57,7
HIW,20.67,25
HLF,14.21,15
HLI,109.65,150
HLNE,90.27,100
HLT,154.37,200
HOG,33.26,35
HOLX,71.08,80
HON,189.21,200
HOOD,10.18,11
HOT@DE,57.06,60
HP,43.21,45
HPE,17.58,20
HPQ,27.04,30
HQY,76.47,80
HR,15.47,20
HRB,43.32,45
HRL,38.27,40
HRMY,33.11,35
HRTX,1.06,2
HSIC,74.88,80
HST,16.42,20
HSY,201.02,250
HTHT,39.46,40
HUBB,317.46,350
HUBG,80.43,90
HUBS,505.01,600
HUM,513.59,600
HUN,24.47,25
HURN,106.2,150
HWM,46.88,50
HXL,69.44,70
HYDR,0.7165,1
HYG,73.49,80
HYLN,1.22,2
HZO,33.45,35
IAC,50.48,60
IART,38.73,40
IAU,36.81,40
IBB,124.13,150
IBKR,90.09,100
IBM,143.67,150
IBN,23.13,25
IBP,125.42,150
IBTX,39.53,40
ICE,112.52,150
ICFI,131.24,150
ICLN,14.64,15
ICLR,253.64,300
ICPT,18.97,20
ICUI,120.31,150
IDA,98.38,100
IDCC,82.99,90
IDXX,456.58,500
IEFA,65.43,70
IEMG,48.27,50
IEV,48.76,50
IEX,210.56,250
IFF,68.29,70
IFX@DE,28.44,30
IGMS,8.35,9
IGOV,37.55,40
IGSB,49.84,50
IGV,357.54,400
IIPR,78,80
IJH,251.14,300
IJR,94.67,100
ILF,25.49,30
ILMN,141.55,150
INCY,59.04,60
INDA,44.8,45
INDB,49.77,50
INGN,5.25,6
INGR,98.34,100
INMD,30.97,35
INO,0.59,1
INSG,0.46,1
INSM,25.52,30
INSP,200.01,250
INTC,37.21,40
INTU,550.01,600
INVA,13.68,15
INVH,32.98,35
IONS,47.09,50
IOSP,103.44,150
IOVA,4.67,5
IP,35.94,40
IPAR,136.77,150
IPG,29.53,30
IPGP,101.89,150
IQLT,34.25,35
IQV,205.45,250
IR,66.79,70
IRAO,4.575,5
IRBT,39,40
IRDM,45.71,50
IRM,60.89,70
IRTC,94.94,100
IRWD,9.92,10
ISRG,300.98,350
IT,362.43,400
ITB,79.53,80
ITCI,54.68,60
ITGR,81.04,90
ITOT,96.2,100
ITRI,60.56,70
ITT,101.3,150
ITW,237.87,250
IUSV,75.61,80
IVV,440.54,450
IVZ,14.68,15
IWB,240.46,250
IWD,152.58,200
IWF,277.77,300
IWM,177.22,200
IWN,135.83,150
IWO,225.34,250
IWP,93.39,100
IWR,70.02,80
IXC,41.27,45
IXG,71.32,80
IXUS,61,70
IYE,47.44,50
IYF,75.33,80
IYR,104.21,150
IYT,236.56,250
IYW,111,150
J,141.2,150
JACK,69.21,70
JAMF,17.96,20
JBHT,194.99,200
JBL,141.33,150
JBSS,101.45,150
JBT,105.36,150
JCI,53.54,60
JD,30.79,35
JEF,36.81,40
JELD,13.45,15
JHG,25.76,30
JJSF,163.64,200
JKHY,151.36,200
JLL,141.6,150
JNJ,159.26,200
JNK,90.29,100
JNPR,28.04,30
JNUG,27.48,30
JOBY,6.75,7
JOUT,54.8,60
JPM,153.06,200
JWN,15.17,20
K,59.18,60
KAI,232.95,250
KALU,75.32,80
KAP@GS,28.81,30
KBE,37.44,40
KBH,46.62,50
KBWB,40.07,45
KD,15.84,20
KDP,31.73,35
KEP,6.63,7
KEX,82.74,90
KEY,10.79,11
KEYS,133.54,150
KFY,50.27,60
KGC,4.99,5
KHC,33.76,35
KIDS,31.97,35
KIM,17.64,20
KKR,63.34,70
KLAC,506.8,600
KLIC,49.27,50
KMB,121.43,150
KMG@KT,11867.5,20000
KMI,17.01,20
KMPR,43.47,45
KMT,25,30
KMX,71.4,80
KNF,54,60
KNSL,444,450
KNX,50.74,60
KO,56.79,60
KOD,1.9,2
KOPN,1.29,2
KR,45.29,50
KRC,31.78,35
KRG,21.49,25
KRTX,181.08,200
KRYS,118.46,150
KSPI@GS,59,60
KSS,21.4,25
KTB,44.76,45
KTOS,17.71,20
KWEB,29.08,30
KYMR,15.89,20
L,64.47,70
LABU,4.16,5
LAD,296.17,300
LANC,174.59,200
LASR,10.46,11
LAZR,4.6,5
LBRDK,93.31,100
LC,6.11,7
LCID,5.67,6
LCII,117.95,150
LDOS,95.74,100
LEA,142.05,150
LECO,187.89,200
LEG,25.76,30
LEGH,19.54,20
LEN,115.49,150
LEVI,14.56,15
LFST,6.85,7
LFUS,248.65,250
LGIH,102.27,150
LGND,60.85,70
LH,204.05,250
LHA@DE,5.96,6
LHX,182.09,200
LI,36.84,40
LICY,3.58,4
LIN,383.02,400
LIT,54.86,60
LITE,46.14,50
LKOH,6363,7000
LKQ,51.48,60
LLY,612.89,700
LMT,447.32,450
LNC,25.07,30
LNG,174.39,200
LNT,49.77,50
LNTH,76.5,80
LOGI,72.47,80
LOPE,119.64,150
LOW,208.46,250
LPL,4.94,5
LPLA,241.49,250
LPRO,7.34,8
LPSN,3.95,4
LPX,55.65,60
LQD,102,150
LRCX,664.8,700
LRN,46.14,50
LSCC,87.55,90
LSPD,14.82,15
LSRG,773,800
LSTR,181.26,200
LTHM,18.97,20
LULU,388.8,400
LUMN,1.45,2
LUV,27.66,30
LVS,46.99,50
LW,102.79,150
LYB,96.1,100
LYEL,1.61,2
LYFT,11.67,15
LYV,88.11,90
M,11.73,15
MA,405.12,450
MAA,136.53,150
MAC,11.44,15
MAGN,51.735,60
MAN,74.57,80
MANH,211.3,250
MANU,20.5,25
MAR,201.27,250
MARA,9.68,10
MAS,53.77,60
MASI,88.34,90
MAT,22,25
MATV,14.3,15
MATX,91.7,100
MBC,12.28,15
MBUU,49.81,50
MC,45.39,50
MCD,264.37,300
MCHI,44.93,45
MCHP,81.66,90
MCK,461.31,500
MCO,327.06,350
MCRI,63.86,70
MD,13,15
MDB,374.24,400
MDC,41.87,45
MDGL,151.7,200
MDLZ,69.75,70
MDRX,14.08,15
MDT,78.4,80
MDU,19.55,20
MDY,459.8,500
MED,76.56,80
MEDP,250.48,300
MEI,25.22,30
MELI,1291.3,1500
MET,63.15,70
META,301.73,350
METC,10.92,11
METCB,12.16,15
MGA,54.73,60
MGK,237.9,250
MGM,38.29,40
MGNT,5764,6000
MGPI,105.5,150
MGRC,105.95,150
MGY,23.14,25
MHK,86.18,90
MHO,85.21,90
MIDD,128.32,150
MKC,75.92,80
MKSI,88.94,90
MKTX,241.41,250
MLAB,108.01,150
MLCO,10.07,11
MLKN,25.75,30
MLM,437.32,450
MLNK,17.71,20
MMC,194.69,200
MMI,29.86,30
MMM,93.8,100
MMS,77.72,80
MMSI,69.47,70
MNDY,163.31,200
MNRO,27.75,30
MNST,53.46,60
MO,43.51,45
MODG,13.9,15
MODV,35.46,40
MOH,342.2,350
MOMO,7.57,8
MORN,236.83,250
MOS,37.01,40
MOV,29.14,30
MP,19.17,20
MPC,152,200
MPW,5.62,6
MPWR,512.96,600
MQ,6.01,7
MRC,10.21,11
MRK,105.16,150
MRK@DE,169.98,200
MRNA,107.5,150
MRO,27.13,30
MRTX,64.04,70
MRVI,10.18,11
MRVL,55.95,60
MS,82.11,90
MSA,158.47,200
MSCI,528.42,600
MSEX,67.98,70
MSFT,333.68,350
MSGE,33.47,35
MSGS,180.19,200
MSI,291.06,300
MSM,105.28,150
MSNG,1.825,2
MSTR,352,400
MTB,129.04,150
MTCH,40.29,45
MTD,1110.93,1500
MTG,17.6,20
MTH,122.82,150
MTKB,1110,1500
MTN,222.99,250
MTRN,101.88,150
MTSS,275.75,300
MTTR,2.28,3
MTUM,143.25,150
MTX,54.65,60
MTX@DE,213.97,250
MU,70.71,80
MUR,45.49,50
MUV2@DE,231.74,250
MVIS,2.29,3
MXL,22.68,25
MYGN,16.08,20
MYRG,134.76,150
NABL,13.63,15
NAIL,56.69,60
NARI,69.36,70
NATI,57.27,60
NAVI,17.93,20
NBIX,116.27,150
NCNO,32.34,35
NCR,29.39,30
NDAQ,50.13,60
NDSN,230.26,250
NEE,57.98,60
NEM,39.53,40
NEO,12.92,15
NEOG,18.51,20
NET,67,70
NEU,460.47,500
NEWR,86.49,90
NFE,33.97,35
NFG,54.34,60
NFLX,394.7,400
NGVT,47.36,50
NHI,52.47,60
NI,26.12,30
NIC,71.9,80
NICE,174.16,200
NJR,42.6,45
NKE,100.05,150
NKLA,1.58,2
NKTR,0.63,1
NLMK,191.3,200
NLY,18.91,20
NMIH,27.46,30
NMTP,4.65,5
NOC,481.43,500
NOK,3.74,4
NOV,20.95,25
NOVA,10.71,11
NOW,569.48,600
NPK,75.34,80
NRG,41.4,45
NRIX,7.85,8
NSC,203.35,250
NSIT,149.14,150
NSP,99.09,100
NSSC,22.56,25
NTAP,77.48,80
NTCO,5.96,6
NTCT,28.25,30
NTES,109.98,150
NTGR,12.69,15
NTLA,31.61,35
NTNX,39.62,40
NTR,62.29,70
NTRA,46.42,50
NTRS,69.81,70
NU,7.99,8
NUE,158.85,200
NUGT,29.9,30
NUS,21.48,25
NVAX,8.47,9
NVCR,16.28,20
NVDA,476.02,500
NVEE,108.08,150
NVR,6271.41,7000
NVRI,7.24,8
NVRO,19.31,20
NVS,101.1,150
NVST,27.87,30
NVTA,0.86,1
NVTK,1639,2000
NWE,49.65,50
NWL,9.17,10
NWS,21.89,25
NWSA,21.07,25
NXPI,206.05,250
NXST,144.24,150
NYCB,11.37,15
NYT,43.16,45
O,51.3,60
OABI,5.37,6
OC,137.05,150
ODFL,429.66,450
OEF,206.57,250
OFIX,12.84,15
OGE,34.02,35
OGN,17.52,20
OGS,69.34,70
OHI,34.36,35
OI,16.77,20
OIH,347.38,350
OII,25.78,30
OIS,8.69,9
OKE,68.39,70
OKTA,88.7,90
OLED,166.05,200
OLLI,79.5,80
OLN,50.39,60
OMC,76.23,80
OMCL,45.99,50
OMF,40.09,45
ON,95.7,100
ONL,5.22,6
ONTO,147.62,150
ORA,69.87,70
ORCL,111.57,150
ORI,27.25,30
ORLY,922.81,1000
ORMP,2.59,3
OSK,96.16,100
OSTK,17.78,20
OSUR,6.01,7
OTIS,81.41,90
OUST,5.05,6
OVV,49.36,50
OXY,65.27,70
OZON@US,29,30
PAAS,14.74,15
PACB,9.3,10
PAG,168.16,200
PAGS,8.79,9
PANW,264.23,300
PAR,45.5,50
PARA,13.11,15
PATH,17.58,20
PATK,75.39,80
PAY,16.61,20
PAYC,279.77,300
PAYO,6.28,7
PAYX,120.14,150
PB,54.78,60
PBA,30.56,35
PBF,53.97,60
PBH,59.78,60
PBI,3.87,4
PCAR,87.94,90
PCG,16.11,20
PCH,45.82,50
PCOR,70.19,80
PCRX,31.62,35
PCTY,206.28,250
PCVX,51.84,60
PD,22.63,25
PDCO,30.27,35
PDS,67.1,70
PEAK,18.4,20
PEG,61.41,70
PEGA,44.65,45
PEN,241.84,250
PENN,23.08,25
PEP,170.57,200
PETQ,22.85,25
PFE,34.15,35
PFG,72.05,80
PFGC,59.37,60
PFSI,69.42,70
PG,146.48,150
PGNY,35.13,40
PGR,155.06,200
PGTI,32.75,35
PH,411.9,450
PHIN,27.76,30
PHM,76.63,80
PHOR,7069,8000
PI,57.3,60
PICK,39.58,40
PII,104.14,150
PIKK,1098.2,1500
PINC,21.58,25
PINS,29.04,30
PIPR,146.93,150
PJT,79.57,80
PKG,155.76,200
PKW,90.54,100
PLAY,37.26,40
PLCE,27.65,30
PLD,112.8,150
PLL,39.85,40
PLNT,51.48,60
PLTK,9.87,10
PLTR,18.43,20
PLUG,8.13,9
PLUS,68.55,70
PLXS,96.08,100
PM,95.39,100
PMT,12.46,15
PNC,124.29,150
PNFP,68.81,70
PNTG,11.53,15
PNW,75.89,80
PODD,169.12,200
POOL,357.57,400
POR,42.67,45
POST,86.2,90
POWI,78.69,80
PPC,24.34,25
PPG,133.96,150
PPL,24.45,25
PRAA,20.11,25
PRAX,1.82,2
PRFT,62.33,70
PRG,33.16,35
PRGS,54.42,60
PRI,205.74,250
PRLB,26.96,30
PRO,35.25,40
PRTA,48.73,50
PRTS,4.17,5
PRU,95.16,100
PSA,275.89,300
PSEC,6.04,7
PSN,58.52,60
PSTG,36.93,40
PSX,121.05,150
PTC,145.11,150
PTCT,22.62,25
PTON,5.58,6
PUBM,12.62,15
PUM@DE,73.55,80
PUMP,10.7,11
PVH,76.66,80
PWR,187.21,200
PXD,248,250
PYPL,59.64,60
PZZA,70.3,80
QCOM,113.16,150
QDEL,74.55,80
QGEN,41.03,45
QLD,64.26,70
QLYS,164.91,200
QNCX,1.19,2
QNST,9.5,10
QQQ,373.55,400
QRTEA,0.62,1
QRVO,96.82,100
QS,6.81,7
QTWO,34.5,35
QUAL,136.46,150
R,107.47,150
RACE,317.16,350
RAGR,1006,1500
RAMP,30.42,35
RARE,37.02,40
RBA,67.75,70
RBLX,31.95,35
RCL,95.5,100
RCUS,17.91,20
RDFN,7.21,8
RDN,27.27,30
RDY,67.39,70
REG,60.18,70
REGN,841.78,900
RELY,27.11,30
REMX,65.91,70
REX,40.63,45
REYN,26.06,30
REZI,15.93,20
RF,17.2,20
RGA,146.4,150
RGEN,164.13,200
RGLD,107.99,150
RGNX,17.79,20
RGR,54.01,60
RH,265.29,300
RHI,77.94,80
RHM@DE,141,150
RIG,8.27,9
RIO,64,70
RIOT,10.94,11
RITM,9.46,10
RIVN,25.5,30
RJF,101.06,150
RKLB,5.06,6
RKT,8.37,9
RL,117.33,150
RLAY,11.2,15
RMD,150.81,200
RNG,31.14,35
RNR,219.16,250
ROCK,67.55,70
ROG,134.36,150
ROK,303.02,350
ROKU,75.44,80
ROL,37.29,40
ROP,505.19,600
ROST,114.93,150
RPD,50.97,60
RPM,101,150
RPV,73.64,80
RRBI,48.28,50
RRC,34.98,35
RRGB,8.11,9
RRR,41.98,45
RRX,144.2,150
RS,267.48,300
RSG,147.91,150
RSKD,4.56,5
RSP,143.06,150
RTKM,91.49,100
RTO,37.61,40
RTX,73.9,80
RUN,12.8,15
RVLV,15.25,20
RVMD,29.31,30
RVNC,11.48,15
RVTY,110.45,150
RWE@DE,36.89,40
RXO,19.91,20
RXRX,7.68,8
RY,87.31,90
RYN,28.44,30
RYTM,24.8,25
S,17.54,20
SAGE,21.18,25
SAH,48.58,50
SAIA,421.31,450
SAIC,113.7,150
SAM,395.05,400
SAP,133.7,150
SAP@DE,93.38,100
SATS,16.9,20
SAVA,20.3,25
SAVE,17.33,20
SBAC,202.28,250
SBCF,22.24,25
SBGI,11.19,15
SBH,8.55,9
SBRA,14.5,15
SBUX,93.96,100
SCCO,75.92,80
SCHA,41.52,45
SCHB,50.88,60
SCHD,71.21,80
SCHE,24.28,25
SCHG,76.21,80
SCHW,54.95,60
SCI,57.06,60
SCL,74.93,80
SCSC,32.84,35
SCZ,56.25,60
SDGR,28.5,30
SDS,38.56,40
SDY,115.42,150
SEDG,128.5,150
SEE,33.03,35
SEIC,60.22,70
SF,61.29,70
SFIX,3.49,4
SFM,44.22,45
SGEN,215.56,250
SGMO,0.65,1
SH,14.76,15
SHAK,59.29,60
SHEL,66.98,70
SHEN,22.45,25
SHL@DE,53.7,60
SHLS,18.82,20
SHOO,32.8,35
SHOP,55.62,60
SHW,257.5,300
SIBN,531.5,600
SIE@DE,119.49,150
SIG,73.14,80
SIGA,5.61,6
SILK,15.74,20
SIRI,4.65,5
SITE,165.63,200
SITM,121.26,150
SJM,123.19,150
SKIN,6.26,7
SKLZ,5.16,6
SKM,21.46,25
SKT,23.46,25
SKX,49.34,50
SKY,65.53,70
SLAB,117.5,150
SLB,59.54,60
SLDB,2.64,3
SLG,37.49,40
SLGN,43.1,45
SLM,13.72,15
SLP,44.08,45
SLQT,1.27,2
SLV,20.34,25
SLVM,43.68,45
SMAR,44.62,45
SMG,51.64,60
SMH,154.06,200
SMPL,34.53,35
SMTC,25.93,30
SNA,264.08,300
SNAP,9.32,10
SNBR,24.78,25
SNGS,21.715,25
SNGSP,38.66,40
SNOW,166.4,200
SNPS,502.27,600
SNX,100.84,150
SNY,55.14,60
SO,67.28,70
SOFI,8.72,9
SOFL,150,200
SOHU,9.72,10
SON,54.68,60
SONO,12.93,15
SONY,88,90
SOXL,21.56,25
SOXS,11.97,15
SOXX,496.93,500
SP,52.48,60
SPB@US,78.35,80
SPBE,168.2,200
SPCE,1.86,2
SPDW,31.35,35
SPG,108.6,150
SPGI,373.5,400
SPHR,43.54,45
SPLG,51.57,60
SPLK,147.77,150
SPLV,59.31,60
SPNS,28.89,30
SPOT,162.61,200
SPR,18.42,20
SPSB,29.31,30
SPSC,174.47,200
SPT,53.14,60
SPXL,83.97,90
SPXS,16.69,20
SPXU,12.62,15
SPY,438.6,450
SPYD,35.16,40
SQ,47.57,50
SQQQ,21.27,25
SQSP,30.84,35
SR,58.79,60
SRC,34.3,35
SRCL,44.76,45
SRDX,32.28,35
SRE,69.48,70
SRI,20.05,25
SRPT,124.9,150
SSB,69.34,70
SSD,150.6,200
SSNC,53.09,60
SSTK,39.63,40
STAA,43.06,45
STAG,35.74,40
STE,229.1,250
STEM,4.33,5
STLA,20.41,25
STLD,111.42,150
STNE,10.83,11
STRA,82.54,90
STT,67.22,70
STWD,19.52,20
STX,70.08,80
STZ,254.65,300
SU,34.5,35
SUPN,27.91,30
SWAV,213.12,250
SWBI,14.16,15
SWK,84.7,90
SWKS,99.99,100
SWN,6.74,7
SWTX,25.39,30
SWX,60.18,70
SXT,58.47,60
SYF,30.67,35
SYK,276.05,300
SYNA,96.7,100
SYY,66.11,70
T,15.18,20
TAK,15.53,20
TAL,10.01,11
TAP,64.14,70
TASK,10.37,11
TATN,368,400
TATNP,460,500
TBF,26.54,30
TCBI,59.11,60
TCMD,14.12,15
TCS,34.36,35
TCX,21.52,25
TDC,46.6,50
TDG,877.79,900
TDOC,19.76,20
TDS,18.29,20
TDY,414.33,450
TEAM,208.83,250
TECH,71.47,80
TECL,50.11,60
TEL,125.99,150
TENB,46.2,50
TER,101.59,150
TEX,57.56,60
TFC,29.91,30
TFII,129.58,150
TFX,199.86,200
TGNA,14.6,15
TGT,112.99,150
TGTX,8.46,9
THD,62.87,70
THO,95.81,100
THRM,55.31,60
THS,43.78,45
TIP,103.65,150
TJX,89.76,90
TKO,85.51,90
TKR,74.7,80
TLS,2.6,3
TLT,89.8,90
TM,183,200
TMF,4.86,5
TMHC,43.45,45
TMO,507.79,600
TMUS,143.8,150
TNA,28.82,30
TNC,78.1,80
TNDM,22.26,25
TNET,121.18,150
TNL,36.67,40
TOL,76.46,80
TOST,18.93,20
TPG,31.39,35
TPH,27.91,30
TPIC,3.01,4
TPR,28.96,30
TPX,43.8,45
TQQQ,40.04,45
TREE,16.74,20
TREX,62.53,70
TRGP,86.33,90
TRHC,10.4,11
TRI,128.25,150
TRIP,16.71,20
TRMB,53.65,60
TRNFP,167200,200000
TRNO,58.31,60
TROW,106.12,150
TRU,72.58,80
TRUP,28.36,30
TRV,164.83,200
TSCO,206.87,250
TSLA,269.65,300
TSM,93.43,100
TSN,50.79,60
TSVT,4.89,5
TT,211.7,250
TTC,86.3,90
TTD,86.4,90
TTE,66.59,70
TTEK,165.91,200
TTMI,13.05,15
TTT,116.15,150
TTWO,148.76,150
TUR,39.67,40
TVTX,8.92,9
TW,84.42,90
TWLO,59.27,60
TWNK,33.39,35
TWOU,2.55,3
TWST,20.33,25
TXG,41.66,45
TXN,160.65,200
TXRH,98.1,100
TXT,80.24,90
TYL,397,400
U,31.65,35
UA,6.5,7
UAA,6.95,7
UAL,42.69,45
UBER,47.27,50
UBS,25.29,30
UBSI,28.17,30
UBT,18.2,20
UCTT,29.93,30
UDMY,9.95,10
UDOW,55.79,60
UDR,36.91,40
UEC,5.54,6
UFPI,105.73,150
UGI,23.01,25
UHS,135.11,150
UI,145.36,150
ULTA,406.68,450
UNFI,15.51,20
UNH,541.13,600
UNM,50.52,60
UNP,210.32,250
UPBD,29.93,30
UPS,156.58,200
UPST,30.4,35
UPWK,11.77,15
URBN,33.29,35
URI,454.49,500
URTY,33.89,35
USB,33.24,35
USFD,39.76,40
USM,43.52,45
USMV,73.42,80
USNA,59.55,60
USPH,92.75,100
UTHR,235.24,250
UTL,46.41,50
UUUU,8.31,9
V,238.48,250
VAC,100.82,150
VAL,74.98,80
VALE,13.56,15
VBR,159.75,200
VC,138.96,150
VCEL,35.12,40
VCIT,75.88,80
VCLT,71.53,80
VCSH,75.47,80
VCYT,22.94,25
VDE,126.83,150
VEA,44.41,45
VEEV,218.53,250
VEON,20.97,25
VERU,0.94,1
VERV,13.2,15
VET,14.74,15
VEU,52.56,60
VFC,17.86,20
VGK,59.29,60
VICR,60.11,70
VIG,157.61,200
VIPS,16.71,20
VIR,9.99,10
VIRT,17.87,20
VIS,199.2,200
VLO,142.53,150
VLUE,91.26,100
VMC,215.67,250
VMEO,3.7,4
VMI,240.05,250
VMW,180.27,200
VNA@DE,43.75,45
VNDA,4.67,5
VNO,22.86,25
VNT,32,35
VO,210.97,250
VOO,402.94,450
VOT,198.71,200
VOW3@DE,167.32,200
VOYA,67.44,70
VPG,34.1,35
VPL,67.69,70
VREX,19.16,20
VRNS,30.97,35
VRNT,23,25
VRSK,247.14,250
VRSN,210.86,250
VRT,43.12,45
VRTS,202.57,250
VRTV,174.53,200
VRTX,370.5,400
VSAT,19,20
VSS,106,150
VST,33.74,35
VSTO,33.25,35
VTI,217.55,250
VTNR,4.57,5
VTR,43.21,45
VTRS,10.7,11
VTS,23.55,25
VTSC@DE,37.2,40
VTV,139.19,150
VUZI,3.73,4
VV,200.45,250
VVV,32.77,35
VVX,55.65,60
VWO,39.76,40
VXF,144.8,150
VXRT,0.76,1
VXUS,54.16,60
VYMI,62.51,70
VZ,33.1,35
VZIO,5.57,6
W,62.53,70
WAB,106.52,150
WABC,45.04,50
WAFD,27.08,30
WAL,47.07,50
WAT,274.92,300
WB,13.53,15
WBA,24.25,25
WBD,11.08,15
WBS,40.78,45
WCC,151.07,200
WCLD,30.41,35
WCN,139.34,150
WDAY,223.16,250
WDC,47.12,50
WDFC,207.4,250
WEC,83.12,90
WELL,85.95,90
WERN,39.64,40
WEX,193.59,200
WFC,41.02,45
WGO,59.85,60
WH,70.11,80
WHD,50.42,60
WHR,134.13,150
WING,188.78,200
WIRE,192.12,200
WISH,4.64,5
WIX,92.27,100
WK,102.21,150
WKC,22.4,25
WKHS,0.49,1
WLK,127.79,150
WM,157.84,200
WMB,34.99,35
WMG,33.11,35
WMS,123.38,150
WMT,161.05,200
WOLF,38.77,40
WOR,61.96,70
WPC,54.87,60
WPM,41.58,45
WRBY,14.86,15
WRK,37.43,40
WRLD,128.61,150
WSC,43.35,45
WSFS,38.43,40
WSM,164.9,200
WST,394.38,400
WTFC,76.75,80
WTRG,34.36,35
WTS,182.09,200
WTTR,7.99,8
WTW,211.75,250
WU,13.33,15
WW,13.58,15
WWW,8.27,9
WY,30.9,35
WYNN,95.72,100
X,33.64,35
XEL,59.26,60
XENE,36.75,40
XHB,77.67,80
XLB,79.57,80
XLC,68.87,70
XLF,33.55,35
XLI,103.98,150
XLP,68.84,70
XLRE,34.9,35
XLU,59.6,60
XLV,131.66,150
XLY,164.08,200
XNCR,20.13,25
XOM,118.39,150
XP,23.27,25
XPEL,78.51,80
XPO,80.39,90
XRAY,34.06,35
XRX,15.78,20
XSD,198.4,200
XYL,93.39,100
YELP,43.45,45
YETI,48.2,50
YEXT,6.44,7
YINN,31.5,35
YNDX@US,21.59,25
YUM,125.48,150
YUMC,56.13,60
YY,42.21,45
Z,46.4,50
ZBH,112.93,150
ZBRA,238,250
ZD,64.04,70
ZG,45.06,50
ZI,17.51,20
ZIM,10.51,11
ZIMV,9.56,10
ZION,36.01,40
ZIP,12.4,15
ZLAB,25.75,30
ZM,71.36,80
ZNTL,20.58,25
ZS,176.29,200
ZTS,177.52,200
ZUMZ,17.78,20
ZUO,8.32,9
ZWS,27.95,30
ZYNE,1.27,2
ZYXI,8.4,9
